ASSIGNMENT 5 QUERIES
______________________________________________________________________________________________________________________________________________________________________________________________

Q1]

     select * from orders
    -> where amt>1000;
+------+---------+------------+------+------+
| Onum | Amt     | Odate      | Cnum | Snum |
+------+---------+------------+------+------+
| 3002 | 1900.10 | 1990-10-03 | 2007 | 1004 |
| 3005 | 5160.45 | 1990-10-03 | 2003 | 1002 |
| 3006 | 1098.16 | 1990-10-03 | 2008 | 1007 |
| 3009 | 1713.23 | 1990-10-04 | 2002 | 1003 |
| 3008 | 4723.00 | 1990-10-05 | 2006 | 1001 |
| 3010 | 1309.95 | 1990-10-06 | 2004 | 1002 |
| 3011 | 9891.88 | 1990-10-06 | 2006 | 1001 |
+------+---------+------------+------+------+
7 rows in set (0.03 sec)


Q2]

mysql> select sname,city from salespeople
    -> where city='london' and comm >0.10;
+--------+--------+
| sname  | city   |
+--------+--------+
| Peel   | London |
| Motika | London |
+--------+--------+
2 rows in set (0.00 sec)

Q3]

